id;title;description;due_date;done
1;Industrial;connect Markets Chief;2019-06-05T21:43:15;true
2;archive Georgia Aruba;software scale interactive;2019-06-05T16:10:51;true
3;Specialist Home Loan Account;Plastic;2019-06-05T16:49:04;false
4;Industrial;index orange;2019-06-06T11:56:16;false
5;magenta monitor 1080p;Unbranded Plastic Tuna Frozen;2019-06-05T15:21:21;true
6;Highway Ergonomic;moratorium moratorium;2019-06-05T18:33:35;true
7;tangible Mississippi;Frozen bus;2019-06-05T17:48:42;true
8;Robust Networked;Poland;2019-06-06T01:48:34;false
9;partnerships;Outdoors;2019-06-05T20:47:48;false
10;Montana;Corporate Phased relationships;2019-06-05T17:56:14;false
